Register with,Kaydol
or,veya
I agree the,Katılıyorum
Terms and Conditions,Şartlar ve Koşullar
Sign up,Kaydol
Already have an account?,Zaten bir hesabınız var mı?
Sign in,Giriş yap
Company,Şirket
About Us,Hakkımızda
Team,Ekip
Products,Ürünler
Blog,Blog
Pricing,Fiyatlandırma
Copyright ©,Telif Hakkı ©
document.write(new Date().getFullYear()),document.write(new Date().getFullYear())
Soft by Creative Tim.,Creative Tim tarafından hazırlanan Soft.
Sign IN,GİRİŞ YAP
Add your credentials,Kimlik bilgilerinizi ekleyin
Sign In,Giriş Yap
Remember me,Beni Hatırla
Register,Kaydol
Get Support,Destek Alın
Sign UP,Kayıt OL
I agree with the,Katılıyorum
Privacy Policy,Gizlilik Politikası
Create account,Hesap oluştur
Login,Giriş yap
Patient,Hasta
Doctor,Doktor
Date,Tarih
Duration,Süre
Edit,Düzenle
Cancel,İptal et
4562&nbsp;&nbsp;&nbsp;1122&nbsp;&nbsp;&nbsp;4594&nbsp;&nbsp;&nbsp;7852,4562&nbsp;&nbsp;&nbsp;1122&nbsp;&nbsp;&nbsp;4594&nbsp;&nbsp;&nbsp;7852
Card Holder,Kart Sahibi
Jack Peterson,Jack Peterson
Expires,Son Kullanma
11/22,11/22
Payment Method,Ödeme Yöntemi
&nbsp;&nbsp;Add New Card,&nbsp;&nbsp;Yeni Kart Ekle
****&nbsp;&nbsp;&nbsp;****&nbsp;&nbsp;&nbsp;****&nbsp;&nbsp;&nbsp;7852,****&nbsp;&nbsp;&nbsp;****&nbsp;&nbsp;&nbsp;****&nbsp;&nbsp;&nbsp;7852
****&nbsp;&nbsp;&nbsp;****&nbsp;&nbsp;&nbsp;****&nbsp;&nbsp;&nbsp;5248,****&nbsp;&nbsp;&nbsp;****&nbsp;&nbsp;&nbsp;****&nbsp;&nbsp;&nbsp;5248
Invoices,Faturalar
View All,Hepsini Gör
"March, 01, 2020",1 Mart 2020
#MS-415646,#MS-415646
$180,$180
PDF,PDF
"February, 10, 2021",10 Şubat 2021
#RV-126749,#RV-126749
$250,$250
"April, 05, 2020",5 Nisan 2020
#FB-212562,#FB-212562
$560,$560
"June, 25, 2019",25 Haziran 2019
#QW-103578,#QW-103578
$120,$120
"March, 01, 2019",1 Mart 2019
#AR-803481,#AR-803481
$300,$300
Billing Information,Fatura Bilgileri
John Doe,John Doe
Service:,Hizmet:
Clinic Consultation,Klinik Danışmanlığı
Email Address:,E-posta Adresi:
john@example.com,john@example.com
Amount:,Tutar:
$150,$150
Delete,Sil
Jane Smith,Jane Smith
Driver Transfer,Sürücü Transferi
jane@example.com,jane@example.com
$80,$80
Michael Johnson,Michael Johnson
Hotel Stay,Otel Konaklaması
michael@example.com,michael@example.com
$200,$200
Emily Clark,Emily Clark
Referral Commission,Referans Komisyonu
emily@example.com,emily@example.com
$100,$100
Your Transactions,İşlemleriniz
23 - 30 March 2020,23 - 30 Mart 2020
Newest,En Yeni
Payment to Clinic,Klinik Ödemesi
"27 March 2020, at 12:30 PM","27 Mart 2020, 12:30 PM"
"-$1,500","-$1,500"
Monthly Referral Commission,Aylık Referans Komisyonu
"27 March 2020, at 04:30 AM","27 Mart 2020, 04:30 AM"
+ $ 200,#ERROR!
Yesterday,Dün
Payment to Driver,Sürücüye Ödeme
"26 March 2020, at 13:45 PM","26 Mart 2020, 13:45 PM"
-$100,-$100
Payment to Hotel,Otele Ödeme
"26 March 2020, at 12:30 PM","26 Mart 2020, 12:30 PM"
-$200,-$200
Referral Commission Received,Referans Komisyonu Alındı
"26 March 2020, at 08:30 AM","26 Mart 2020, 08:30 AM"
+ $ 100,#ERROR!
Pending Payment,Bekleyen Ödeme
"26 March 2020, at 05:00 AM","26 Mart 2020, 05:00 AM"
Pending,Beklemede
&nbsp;Back,&nbsp;Geri
New Message,Yeni Mesaj
Send,Gönder
New messages,Yeni mesajlar
View Messages,Mesajları Görüntüle
Appointments,Randevular
View Appointments,Randevuları Görüntüle
Prescriptions,Reçeteler
View Prescriptions,Reçeteleri Görüntüle
$,$
"3,300","$3,300"
Your current balance,Mevcut bakiyeniz
-$250,-$250
Generate Referral Link,Referans Bağlantısı Oluştur
Your Referral Link:,Referans Bağlantınız:
Referrals : 0,Referanslar: 0
Sales: 0,Satışlar: 0
Sales from BeyondClinic's Referral System overview,BeyondClinic'in Referans Sistemi genel görünümünden satışlar
in 2024,2024
Comprehensive Guide to Medical Tourism,Medikal Turizm Rehberi
Explore the benefits and considerations for choosing medical tourism for your health needs.,Sağlık ihtiyaçlarınız için medikal turizmi seçmenin avantajlarını ve dikkat edilmesi gerekenleri keşfedin.
Top Clinics in Istanbul,İstanbul'daki En İyi Klinikler
Discover the top-rated clinics in Istanbul for various medical treatments and procedures.,Çeşitli tıbbi tedaviler ve prosedürler için İstanbul'daki en iyi klinikleri keşfedin.
Patient Success Stories,Hasta Başarı Hikayeleri
Read inspiring stories from our patients who have achieved successful outcomes through our services.,Hizmetlerimiz aracılığıyla başarılı sonuçlara ulaşan hastalarımızın ilham verici hikayelerini okuyun.
Previous,Önceki
Next,Sonraki
Referral Program,Referans Programı
"Track and find all the details about our referral program, your stats and revenues.","Referans programımız, istatistikleriniz ve gelirleriniz hakkında tüm detayları takip edin ve bulun."
Earnings,Kazançlar
"23,980","23,980"
Customers,Müşteriler
"2,400","2,400"
Avg. Value,Ortalama Değer
48,48
Refund,İade
4,4
Referral Code,Referans Kodu
Copy the code bellow to your registered provider.,Kaydedilmiş sağlayıcınıza kopyalamak için aşağıdaki kodu kopyalayın.
Generated 23 days ago by,23 gün önce oluşturuldu
softuidash23,softuidash23 tarafından
(Used one time),(Bir kez kullanıldı)
Copy,Kopyala
You cannot generate codes.,Kod oluşturamazsınız.
Contact us,
to generate more referrals link.,Daha fazla referans bağlantısı oluşturmak için bizimle iletişime geçin.
How to use,Nasıl kullanılır
Integrate your referral code in 3 easy steps.,Referans kodunuzu 3 basit adımda entegre edin.
1. Create &amp; validate your referral link and get,1. Referans bağlantınızı oluşturun ve doğrulayın ve alın
100,100
2. For every order you make you get,2. Yaptığınız her sipariş için alın
10,10
3. Get other friends to generate link and get,3. Başka arkadaşlarınızı bağlantı oluşturması için alın ve alın
500,500
Other programs,Diğer programlar
User #hashtag in a photo on social media and get $10 for each purchase you make.,Sosyal medyada bir fotoğrafa #hashtag ekleyin ve yaptığınız her satın alma için $10 kazanın.
Read More,Daha fazla bilgi
Check the Billing page !!,Faturalama sayfasını kontrol edin!!
Top Referred Users,En Çok Referans Yapılan Kullanıcılar
User,Kullanıcı
Value,Değer
Profit,Kar
Refunds,İadeler
Alice Vinget,Alice Vinget
8.232,8.232
orders,sipariş
$130.99,$130.99
$9.50,$9.50
13,$13.00
John Alura,John Alura
12.821,12.821
$80.25,$80.25
$4.20,$4.20
40,$40.00
Andrew Sian,Andrew Sian
2.421,2.421
$40.60,$40.60
$9.43,$9.43
54,$54.00
Luca Willaim,Luca Willaim
5.921,5.921
$91.30,$91.30
$7.36,$7.36
5,$5.00
Richel Manuel,Richel Manuel
921,921
$140.93,$140.93
$20.53,$20.53
121,$121.00
©,©
", made with",", yapıldı"
by,tarafından
clinicBeyond,clinicBeyond
for a healthier world.,daha sağlıklı bir dünya için.
License,Lisans
Flight Booking,Uçuş Rezervasyonu
From,Nereden
To,Nereye
Departure Date,Kalkış Tarihi
Return Date,Dönüş Tarihi
Search Flight,Uçuş Ara
dude,adam
Your booking confirmation,Rezervasyon onayınız
Your Booking is Confirmed!,Rezervasyonunuz Onaylandı!
BeyondClinic,BeyondClinic
Flight Reservation Systems&reg;,Uçuş Rezervasyon Sistemleri®
tel: +90 538 0546393,tel: +90 538 0546393
Date:,Tarih:
Status:,Durum:
Reference:,Referans:
Item,Ürün
Qty,Miktar
Currency,Para Birimi
Amount,Tutar
Base price,Ana fiyat
1,1
-,-
Fees,Ücretler
3,3
Grand Total,Genel Toplam
Thank you!,Teşekkürler!
If you encounter any issues related to the invoice you can contact us at:,"Fatura ile ilgili herhangi bir sorunla karşılaşırsanız, bizimle iletişime geçebilirsiniz:"
Email:,E-posta:
support@BeyondClinic.com,support@BeyondClinic.com
Print,Yazdır
FLIGHT RESERVATION,UÇUŞ REZERVASYONU
GET THE BEST OFFERS NOW,EN İYİ TEKLİFLERİ ŞİMDİ ALIN
Dashboard,Panel
Amadeus Flight Booking,Amadeus Uçuş Rezervasyonu
Available Flights,Mevcut Uçuşlar
Departure,Kalkış
Flight Number,Uçuş Numarası
Arrival,Varış
Price,Fiyat
Book,Rezervasyon
&#10230,&#10230
Book Flight,Uçuş Rezervasyonu
No flights found for this itinerary,Bu güzergah için uçuş bulunamadı
&#10594&#10596,&#10594&#10596
Name,Ad
Email,E-posta
Phone Number,Telefon Numarası
Birth Date,Doğum Tarihi
Password,Şifre
Confirm Password,Şifreyi Onayla
Insurance Information,Sigorta Bilgileri
Family History,Aile Geçmişi
Biological Sex,Biyolojik Cinsiyet
Allergies,Alerjiler
Medications,İlaçlar
Medical Conditions,Tıbbi Durumlar
Additional Information,Ek Bilgiler
Account Type,Hesap Türü
Interested in..,İlgilendiği Alanlar
Profile Picture,Profil Resmi
Save,Kaydet
Upload File,Dosya Yükle
Upload,Yükle
Your attention is required,Dikkatinizi gerektiriyor
×,×
You should read this!,Bunu okumalısınız!
"Ok, Got it","Tamam, Anladım"
&times;,&times;
Basic Info,Temel Bilgiler
Upload Medical Files,Tıbbi Dosyaları Yükle
2FA,2FA
Social Accounts,Sosyal Hesaplar
Notifications,Bildirimler
Sessions,Oturumlar
Delete Account,Hesabı Sil
Patient @dentaslan - Dental Services,Hasta @dentaslan - Diş Hizmetleri
Switch to invisible,Görünmez moda geç
Enabled,Etkin
Two-factor authentication,İki faktörlü kimlik doğrulama
Security keys,Güvenlik anahtarları
No Security Keys,Güvenlik Anahtarı Yok
Add,Ekle
SMS number,SMS numarası
+4012374423,4012374423
Authenticator app,Doğrulama uygulaması
Not Configured,Yapılandırılmadı
Set up,Kur
Here you can setup and manage your integration settings.,Buradan entegrasyon ayarlarınızı kurabilir ve yönetebilirsiniz.
Slack,Slack
Show less,Daha az göster
You haven't added your Slack yet or you aren't authorized. Please add our Slack Bot to your account by clicking on,Slack'inizi henüz eklemediniz veya yetkilendirilmediniz.
here,Hesabınıza Slack Botumuzu eklemek için buraya tıklayın.
". When you've added the bot, send your verification code that you have received.","Botu eklediğinizde, aldığınız doğrulama kodunu gönderin."
Verification Code,Doğrulama Kodu
Connected account,Bağlı hesap
hello@creative-tim.com,hello@creative-tim.com
Spotify,Spotify
Music,Müzik
Atlassian,Atlassian
Payment vendor,Ödeme sağlayıcı
Asana,Asana
Organize your team,Takımınızı organize edin
Choose how you receive notifications. These notification settings apply to the things you’re watching.,Bildirimleri nasıl almak istediğinizi seçin. Bu bildirim ayarları izlediğiniz öğelere uygulanır.
Activity,Etkinlik
Push,Anlık bildirim
SMS,SMS
Mentions,Bahsedilenler
Notify when another user mentions you in a comment,Başka bir kullanıcı yorumunuzda sizi bahsettiğinde bildirin
Comments,Yorumlar
Notify when another user comments your item.,Başka bir kullanıcı öğenize yorum yaptığında bildirin.
Follows,Takipler
Notify when another user follows you.,Başka bir kullanıcı sizi takip ettiğinde bildirin.
Log in from a new device,Yeni cihazdan giriş
This is a list of devices that have logged into your account. Remove those that you do not recognize.,Hesabınıza giriş yapmış cihazların listesi. Tanımadığınız cihazları kaldırın.
Bucharest 68.133.163.201,Bükreş 68.133.163.201
Your current session,Mevcut oturumunuz
Active,Etkin
EU,AB
See more,Daha fazla göster
Chrome on macOS,macOS'da Chrome
US,ABD
Safari on iPhone,iPhone'da Safari
"Once you delete your account, there is no going back. Please be certain.",Hesabınızı sildiğinizde geri dönüş yoktur. Lütfen emin olun.
Confirm,Onayla
I want to delete my account.,Hesabımı silmek istiyorum.
Deactivate,Devre Dışı Bırak
Traffic,Trafik
"350,897","350,897"
Since last month,Geçen aydan beri
New users,Yeni kullanıcılar
"2,356","2,356"
Since last week,Geçen haftadan beri
Sales,Satışlar
924,924
Since yesterday,Dünden beri
Performance,Performans
Icons,Simgeler
active-40,active-40
air-baloon,hava balonu
album-2,albüm-2
align-center,ortaya hizala
align-left-2,sola hizala-2
ambulance,ambulans
app,uygulama
archive-2,arşiv-2
atom,atom
badge,rozet
bag-17,çanta-17
basket,sepet
bell-55,çan-55
bold-down,kalın-aşağı
bold-left,kalın-sola
bold-right,kalın-sağa
bold-up,kalın-yukarı
bold,kalın
book-bookmark,kitap-yer imi
books,kitaplar
box-2,kutu-2
briefcase-24,evrak çantası-24
building,bina
bulb-61,ampul-61
bullet-list-67,madde listesi-67
bus-front-12,ön otobüs-12
button-pause,düğme-durdur
button-play,düğme-oynat
button-power,düğme-güç
calendar-grid-58,takvim-ızgarası-58
camera-compact,kompakt kamera
caps-small,küçük harfler
cart,sepet
chart-bar-32,çubuk grafik-32
chart-pie-35,pasta grafik-35
chat-round,yuvarlak sohbet
check-bold,kalın onay
circle-08,daire-08
cloud-download-95,bulut-indirme-95
cloud-upload-96,bulut-yükleme-96
compass-04,pusula-04
controller,denetleyici
credit-card,kredi kartı
curved-next,eğri-sonraki
delivery-fast,hızlı teslimat
diamond,elmas
email-83,e-posta-83
fat-add,şişman ekle
fat-delete,şişman sil
fat-remove,şişman kaldır
favourite-28,favori-28
folder-17,klasör-17
glasses-2,gözlük-2
hat-3,şapka-3
headphones,kulaklık
html5,html5
istanbul,istanbul
key-25,anahtar-25
laptop,dizüstü bilgisayar
like-2,beğen-2
lock-circle-open,kilitli daire açık
map-big,büyük harita
mobile-button,mobil düğme
money-coins,para madeni paraları
note-03,not-03
notification-70,bildirim-70
palette,palet
paper-diploma,kağıt-diploma
pin-3,pin-3
planet,gezegen
ruler-pencil,cetvel-kalem
satisfied,memnun
scissors,makas
send,gönder
settings-gear-65,ayar dişlisi-65
settings,ayarlar
single-02,tek-02
single-copy-04,tek kopya-04
sound-wave,ses dalgası
spaceship,uzay gemisi
square-pin,kare-pin
support-16,destek-16
tablet-button,tablet düğmesi
tag,etiket
tie-bow,papyon
time-alarm,alarm zamanı
trophy,kupa
tv-2,tv-2
umbrella-13,şemsiye-13
user-run,kullanıcı-koşu
vector,vektör
watch-time,izleme süresi
world,dünya
zoom-split-in,zoom-split-in
collection,koleksiyon
image,resim
shop,mağaza
ungroup,grup dışı
world-2,dünya-2
ui-04,ui-04
Home,Ana Sayfa
About,Hakkımızda
Facilities,Tesisler
Laboratory,Laboratuvar
Contact,İletişim
&copy; BeyondClinic - Design by Lotfi Kanouni,&copy; BeyondClinic - Tasarım Lotfi Kanouni
Profile,Profil
Sign Up,Kaydol
Whatsapp,Whatsapp
Pages,Sayfalar
English,İngilizce
Arabic,Arapça
French,Fransızca
Turkish,Türkçe
New message,Yeni mesaj
from Laur,Laur'dan
13 minutes ago,13 dakika önce
New album,Yeni albüm
by Travis Scott,Travis Scott'tan
1 day,1 gün
Payment successfully completed,Ödeme başarıyla tamamlandı
2 days,2 gün önce
DASHBOARD,PANEL
FLIGHT,UÇUŞ
VIP TRANSFERS,VIP TRANSFERLER
BILLING,FATURALAMA
VIRTUAL REALITY,Sanal Gerçeklik
MEDICAL CONSULTANTS,Tıbbi Danışmanlar
HOME,ANA SAYFA
SCHEDULE,Takvim
PRESCRIPTIONS,Reçeteler
MEDICAL INFORMATION,Tıbbi Bilgiler
MESSAGES,Mesajlar
SYSTEM,Sistem
USERS,Kullanıcılar
PROJECT DEVELOPPEMENT,Proje Geliştirme
PRODUCTS,Ürünler
Logout,Çıkış Yap
Default,Varsayılan
Dashboards,Paneller
New,Yeni
Filters,Filtreler
Total traffic,Toplam trafik
Overview,Genel Bakış
Sales value,Satış değeri
Month,Ay
M,A
Week,Hafta
W,H
Total orders,Toplam siparişler
Page visits,Sayfa ziyaretleri
See all,Hepsini gör
Page name,Sayfa adı
Visitors,Ziyaretçiler
Unique users,Tekil kullanıcılar
Bounce rate,Hemen çıkma oranı
/argon/,/argon/
"4,569","4,569"
340,340
/argon/index.html,/argon/index.html
"3,985","3,985"
319,319
/argon/charts.html,/argon/charts.html
"3,513","3,513"
294,294
/argon/tables.html,/argon/tables.html
"2,050","2,050"
147,147
/argon/profile.html,/argon/profile.html
"1,795","1,795"
190,190
Social traffic,Sosyal trafik
Referral,Referans
Facebook,Facebook
"1,480","1,480"
"5,480","5,480"
Google,Google
"4,807","4,807"
Instagram,Instagram
"3,678","3,678"
twitter,Twitter
"2,645","2,645"
Argon Configurator,Argon Yapılandırıcı
See our dashboard options.,Panel seçeneklerimizi görün.
Sidebar Colors,Kenar Çubuğu Renkleri
Sidenav Type,Yan menü Türü
Choose between 2 different sidenav types.,2 farklı yan menü türü arasından seçim yapın.
White,Beyaz
Dark,Koyu
You can change the sidenav type just on desktop view.,Yan menü türünü yalnızca masaüstü görünümünde değiştirebilirsiniz.
Navbar Fixed,Gezinti Çubuğu Sabit
Light / Dark,Açık / Koyu
whatsapp,WhatsApp
Go to Home Page,Ana Sayfaya Git
"Our patient dashboard is designed to provide easy access to all necessary medical services and information. Patients can manage their appointments, view medical records, and receive updates about their health status all in one place. Our goal is to enhance the patient experience by making healthcare more accessible and efficient.","Hasta panelimiz, gerekli tüm tıbbi hizmetlere ve bilgilere kolay erişim sağlamak için tasarlanmıştır. Hastalar randevularını yönetebilir, tıbbi kayıtlarını görüntüleyebilir ve sağlık durumları hakkında güncellemeler alabilir. Amacımız, sağlık hizmetlerini daha erişilebilir ve verimli hale getirerek hasta deneyimini geliştirmektir."
Welcome to BeyondClinic! providing comprehensive healthcare solutions.,BeyondClinic'e hoş geldiniz! kapsamlı sağlık çözümleri sunuyoruz.
Enter your email and password to sign in,Giriş yapmak için e-posta ve şifrenizi girin
Don't have an account?,Hesabınız yok mu?
Sign up!,Kaydol!
Export,Dışa Aktar
Today,Bugün
Last 7 days,Son 7 gün
Last 30 days,Son 30 gün
Users,Kullanıcılar
930,930
New Users,Yeni Kullanıcılar
744,744
"1,414","1,414"
Pages/Session,Sayfa/Oturum
1.76,1.76
Traffic channels,Trafik kanalları
Organic search,Organik arama
Social media,Sosyal medya
Referrals,Referanslar
See all referrals,Tüm referansları gör
Adobe,Adobe
Jira,Jira
Social,Sosyal
Twitter,Twitter
Reddit,Reddit
Youtube,Youtube
System Stats,Sistem İstatistikleri
average stay duration,ortalama kalış süresi
Average,Ortalama
Datatable Search,Datatable Arama
"A lightweight, extendable, dependency-free javascript HTML table plugin.","Hafif, genişletilebilir, bağımlılık içermeyen javascript HTML tablo eklentisi."
DATE,TARİH
LOG,LOG
Office,Ofis
Age,Yaş
Start date,Başlangıç tarihi
Salary,Maaş
gfv vc,gfv vc
Google maps,Google haritalar
Maps,Haritalar
Warning,Uyarı
"This information is potentially sensitive, and ED",Bu bilgi potansiyel olarak hassas olabilir ve ED
&P,&P
Okay,Tamam
uploadForm,uploadForm
Accounts,Hesaplar
CEO / Co-Founder,CEO / Kurucu Ortak
Notification,Bildirim
Close,Kapat
Previously Uploaded Files,Önceden Yüklenen Dosyalar
No files have been uploaded yet.,Henüz dosya yüklenmedi.
Message Modal,Mesaj Modal
New message to @CT,@CT'ye yeni mesaj
Conversation Name:,Konuşma Adı:
Recipient:,Alıcı:
Message:,Mesaj:
Send message,Mesaj gönder
Send Message,Mesaj Gönder
No Messages,Mesaj Yok
No messages.,Mesaj yok.
Friends,Arkadaşlar
Charlie Watson,Charlie Watson
Typing...,Yazıyor...
Jane Doe,Jane Doe
1 hour ago,1 saat önce
Computer users and programmers,Bilgisayar kullanıcıları ve programcılar
Mila Skylar,Mila Skylar
24 min ago,24 dakika önce
You can subscribe to receive weekly...,Haftalık abone olabilirsiniz...
Sofia Scarlett,Sofia Scarlett
7 hours ago,7 saat önce
It’s an effective resource regardless..,Etkili bir kaynak...
Tom Klein,Tom Klein
1 day ago,1 gün önce
Be sure to check it out if your dev pro...,Geliştirme projenizle ilgili kontrol edin...
Dr. Alex Johnson,Dr. Alex Johnson
last seen today at 1:53am,bugün 1:53'te en son görüldü
Mute conversation,Konuşmayı sessize al
Block,Engelle
Clear chat,Sohbeti sil
Delete chat,Sohbeti temizle
"Hello Dr. Johnson, I've been experiencing severe headaches for the past week. What could be causing this?","Merhaba Dr. Johnson, geçen haftadan beri şiddetli baş ağrıları yaşıyorum. Bunun nedeni ne olabilir?"
3:14 AM,3:14 AM
"Hi, it could be due to various reasons like stress, lack of sleep, or even vision problems. Have you been under a lot of stress lately?","Merhaba, stres, uyku eksikliği veya hatta görme problemleri gibi çeşitli nedenler olabilir. Son zamanlarda çok stres altında mı kaldınız?"
4:42 PM,4:42 PM
"Wed, 3:27pm","Çar, 3:27pm"
"Yes, I have been working long hours lately. Could that be the reason?","Evet, son zamanlarda uzun saatler çalışıyorum. Bu neden olabilir mi?"
4:31 PM,4:31 PM
"It’s possible. Try to take regular breaks and ensure you get enough sleep. If the headaches persist, we might need to run some tests.","Mümkün. Düzenli aralar vermeye ve yeterince uyuduğunuzdan emin olun. Baş ağrıları devam ederse, bazı testler yapmamız gerekebilir."
"Thank you, Doctor. I’ll try to manage my stress better and get more sleep. I’ll keep you updated.","Teşekkürler, Doktor. Stresimi daha iyi yönetmeye ve daha fazla uyumaya çalışacağım. Sizi bilgilendireceğim."
You’re welcome. Take care!,Rica ederim. Kendine iyi bak!
Oups! Error 403,Oups! Hata 403
Access denied - Please authenticate,Erişim reddedildi - Lütfen kimliğinizi doğrulayın
Oups! Error 404,Oups! Hata 404
Page not found -,Sayfa bulunamadı -
Oups! Error 500,Oups! Hata 500
"Server error, please contact support -","Sunucu hatası, lütfen destek ile iletişime geçin -"
.,.
"St. Independence Embankment, 050105 Bucharest, Romania","St. Independence Rıhtımı, 050105 Bükreş, Romanya"
tel: +4 (074) 1090873,tel: +4 (074) 1090873
Invoice no,Fatura no
Invoice date:,Fatura tarihi:
Due date:,Vade tarihi:
Rate,Oran
Total,Toplam
email:,e-posta:
contact@yourdomain.com,contact@yourdomain.com
Medical Service Details,Tıbbi Hizmet Detayları
Close (Esc),Kapat (Esc)
Fullscreen,Tam ekran
Prev,Önceki
Comprehensive Health Check-Up,Kapsamlı Sağlık Kontrolü
$999,$999
Available,Mevcut
Description,Açıklama
Comprehensive medical check-up including all major systems,Tüm ana sistemleri içeren kapsamlı tıbbi kontrol
Personalized health report with recommendations,Önerilerle birlikte kişiselleştirilmiş sağlık raporu
Consultations with top specialists,En iyi uzmanlarla danışma
Comfortable and private examination rooms,Rahat ve özel muayene odaları
Consultation Type,Danışma Türü
In-Person,Yüz Yüze
Online,Çevrimiçi
Preferred Specialist,Tercih Edilen Uzman
General Practitioner,Genel Pratisyen
Cardiologist,Kardiyolog
Dermatologist,Dermatolog
Neurologist,Nörolog
Quantity,Miktar
2,2
6,6
7,7
8,8
9,9
Book Now,Şimdi Rezervasyon Yap
Other Services,Diğer Hizmetler
Service,Hizmet
Review,İnceleme
Availability,Uygunluk
Id,Id
Cardiac Screening,Kardiyak Tarama
$499,$499
230019,"$230,019"
Dermatology Consultation,Dermatoloji Danışmanlığı
$199,$199
87120,"$87,120"
Neurology Examination,Nöroloji Muayenesi
$399,$399
412301,"$412,301"
Orthopedic Consultation,Ortopedik Danışmanlık
$299,$299
1992,1992
First Name,Ad
Last Name,Soyad
Confirmation Email,Onay E-postası
I'm,Ben
&nbsp;,&nbsp;
Policy Number,Poliçe Numarası
Réalisations du Projet et Prochaines Étapes,Proje Gerçekleştirmeleri ve Gelecek Adımlar
Démarrage du projet,Proje Başlangıcı
1 Jan 2024,1 Ocak 2024
Réunion de lancement et planification initiale.,Açılış toplantısı ve başlangıç planlaması.
Planification,Planlama
Voir,Gör
Développement du backend,Arka Uç Geliştirme
15 Jan 2024,15 Ocak 2024
Développement d'un backend robuste avec Django.,Django ile sağlam bir arka uç geliştirme.
Développement,Geliştirme
Authentification et autorisation des utilisateurs,Kullanıcı Kimlik Doğrulama ve Yetkilendirme
1 FÉV 2024,1 ŞUB 2024
Mise en place d'un système de connexion et d'inscription sécurisée des utilisateurs.,Güvenli kullanıcı giriş ve kayıt sistemi kurma.
Authentification,Kimlik Doğrulama
Système de réservation de vols,Uçuş Rezervasyon Sistemi
15 Mar 2024,15 Mar 2024
Intégration du système de réservation de vols avec l'API Amadeus.,Amadeus API ile uçuş rezervasyon sisteminin entegrasyonu.
Intégration,Entegrasyon
Intégration de la carte interactive,Etkileşimli Harita Entegrasyonu
1 AVR 2024,1 NIS 2024
Ajout de l'API Google Maps pour afficher les hôtels à proximité et les emplacements des cliniques.,Yakındaki otelleri ve klinik konumlarını göstermek için Google Maps API eklenmesi.
Système de gestion des documents,Doküman Yönetim Sistemi
1 MAI 2024,1 May 2024
Stockage et gestion sécurisés des documents médicaux des patients.,Hastaların tıbbi belgelerinin güvenli bir şekilde saklanması ve yönetimi.
Gestion,Yönetim
Intégration du chatbot,Chatbot Entegrasyonu
1 JUIN 2024,1 Haz 2024
Intégration d'un chatbot pour l'assistance en temps réel et les notifications.,Gerçek zamanlı yardım ve bildirimler için chatbot entegrasyonu.
Chatbot,Chatbot
Tableau de bord administrateur,Yönetici Paneli
1 JUIL 2024,1 TEM 2024
Développement d'un tableau de bord administrateur pour gérer les rendez-vous et les transferts.,Randevuları ve transferleri yönetmek için yönetici paneli geliştirme.
Admin,Yönetim
Système de recommandation,Tavsiye Sistemi
20 JUIL 2024,20 Tem 2024
Mise en place d'un système de parrainage pour les utilisateurs.,Kullanıcılar için tavsiye sistemi kurma.
Recommandation,Tavsiye
Interface chauffeur,Şoför Arayüzü
À venir,Yakında
Développement d'une interface chauffeur pour l'affectation et le suivi en direct.,Şoför ataması ve canlı takip için bir arayüz geliştirme.
Améliorations de la sécurité des données,Veri Güvenliği İyileştirmeleri
Mise en œuvre d'un chiffrement avancé et d'un contrôle d'accès basé sur les rôles.,Gelişmiş şifreleme ve rol tabanlı erişim kontrolü uygulaması.
Sécurité,Güvenlik
Rapports et analyses,Raporlar ve Analizler
Développement de rapports et d'analyses pour les indicateurs de performance et la collecte de feedbacks.,Performans göstergeleri ve geri bildirim toplama için raporlar ve analizler geliştirme.
Analyses,Analizler
Prochaines étapes,Gelecek Adımlar
ce mois-ci,bu ay
Établir l'équipe de vente,Satış Ekibi Kurma
1 AOÛT 2024,1 AĞU 2024
Mise en place d'une équipe dédiée aux ventes pour promouvoir la plateforme.,Platformu tanıtmak için özel bir satış ekibi kurma.
Ventes,Satış
Formation sur l'interface,Arayüz Eğitimi
15 AOÛT 2024,15 AĞU 2024
Formation des utilisateurs sur l'utilisation de l'interface de la plateforme.,Kullanıcıların platform arayüzünü kullanma eğitimi.
Formation,Eğitim
Extension des fonctionnalités,Fonksiyonellik Genişletme
1 SEPT 2024,1 EYL 2024
Ajout de nouvelles fonctionnalités et améliorations de la plateforme.,Platforma yeni özellikler ekleme ve iyileştirmeler yapma.
Analyse des performances,Performans Analizi
15 SEPT 2024,15 EYL 2024
Suivi et analyse des performances de la plateforme.,Platformun performansını izleme ve analiz etme.
Analyse,Analiz
Expansion internationale,Uluslararası Genişleme
1 Oct 2024,1 Ekim 2024
Lancement de la plateforme sur de nouveaux marchés internationaux.,Platformu yeni uluslararası pazarlarda başlatma.
Expansion,Genişleme
Partenariats stratégiques,Stratejik Ortaklıklar
15 Oct 2024,15 Ekim 2024
Établissement de partenariats stratégiques pour renforcer l'offre de services.,Hizmet teklifini güçlendirmek için stratejik ortaklıklar kurma.
Partenariats,Ortaklıklar
Tâches,Görevler
480,480
Projets,Projeler
115,115
Terminés,Tamamlandı
En cours,Devam Ediyor
Argon Dashboard 2 by Creative Tim,Argon Dashboard 2 by Creative Tim
Argon Dashboard 2,Argon Dashboard 2
لوحة القيادة,لوحة القيادة
الجداول,الجداول
الفواتير,الفواتير
الواقع الافتراضي,الواقع الافتراضي
RTL,RTL
صفحات المرافق,صفحات المرافق
حساب تعريفي,حساب تعريفي
تسجيل الدخول,تسجيل الدخول
اشتراك,اشتراك
تحتاج مساعدة?,تحتاج مساعدة?
يرجى التحقق من مستنداتنا,يرجى التحقق من مستنداتنا
توثيق,توثيق
التطور للاحترافية,التطور للاحترافية
لوحات القيادة,لوحات القيادة
يسجل دخول,يسجل دخول
أموال اليوم,أموال اليوم
"$53,000","53,000"
مستخدمو اليوم,مستخدمو اليوم
"2,300","2,300"
عملاء جدد,عملاء جدد
"+3,462",#ERROR!
مبيعات,مبيعات
"$103,430","$103,430"
بناها المطورون,بناها المطورون
Soft UI Dashboard,Soft UI Dashboard
من الألوان والبطاقات والطباعة إلى العناصر المعقدة ، ستجد الوثائق الكاملة.,من الألوان والبطاقات والطباعة إلى العناصر المعقدة ، ستجد الوثائق الكاملة.
اقرأ المستندات,اقرأ المستندات
العمل مع الصواريخ,العمل مع الصواريخ
تكوين الثروة هو لعبة تطوري حديثة ذات حصيلة إيجابية. الأمر كله يتعلق بمن يغتنم الفرصة أولاً هذه بطاقة بسيطة.,تكوين الثروة هو لعبة تطوري حديثة ذات حصيلة إيجابية. الأمر كله يتعلق بمن يغتنم الفرصة أولاً هذه بطاقة بسيطة.
المستخدمين النشطين,المستخدمين النشطين
(,(
) من الأسبوع الماضي,) من الأسبوع الماضي
document,document
المستخدمون,المستخدمون
36K,36K
نقرات,نقرات
2m,2m
435$,435$
العناصر,العناصر
43,43
نظرة عامة على المبيعات,Satışların Genel Görünümü
في عام 2021,2021 yılında
المشاريع,Projeler
30 انتهى,30 tamamlandı
هذا الشهر,Bu ay
عمل,İş
عمل آخر,Başka bir iş
شيء آخر هنا,Burada başka bir şey
المشروع,Proje
أعضاء,Üyeler
ميزانية,Bütçe
إكمال,Tamamlama
Soft UI XD الإصدار,Soft UI XD sürümü
"$14,000","$14,000"
أضف مسار التقدم إلى التطبيق الداخلي,Uygulama içi ilerleme yolu ekle
"$3,000","$3,000"
إصلاح أخطاء النظام الأساسي,Platform hatalarını düzelt
غير مضبوط,Belirlenmemiş
إطلاق تطبيق الهاتف المحمول الخاص بنا,Mobil uygulamamızı başlat
"$20,500","$20,500"
أضف صفحة التسعير الجديدة,Yeni fiyatlandırma sayfası ekle
$500,$500
إعادة تصميم متجر جديد على الإنترنت,Yeni online mağaza tasarımı
"$2,000","$2,000"
نظرة عامة على الطلبات,Siparişlerin Genel Görünümü
"$2400, تغييرات في التصميم","$2400, tasarım değişiklikleri"
22 Dec 7:20 PM,22 Dec 7:20 PM
طلب جديد #1832412,Yeni sipariş #1832412
21 Dec 11:00 PM,21 Dec 11:00 PM
مدفوعات الخادم لشهر أبريل,Nisan ayı sunucu ödemeleri
21 Dec 9:34 PM,21 Dec 9:34 PM
تمت إضافة بطاقة جديدة للطلب #4395133,Sipariş #4395133 için yeni kart eklendi
20 Dec 2:20 AM,20 Dec 2:20 AM
فتح الحزم من أجل التطوير,Geliştirme için paketleri açma
18 Dec 4:54 AM,18 Dec 4:54 AM
طلب جديد #9583120,Yeni sipariş #9583120
17 Dec,17 Dec
Creative Tim,Creative Tim
for a better web.,daha iyi bir web için.
Free Download,Ücretsiz İndirme
View documentation,Belgeleri Görüntüle
Star,Star
Thank you for sharing!,Paylaştığınız için teşekkürler!
Tweet,Tweet
Share,Paylaş
Chief Medical Officer,Baş Tıbbi Görevli
App,Uygulama
Messages,Mesajlar
Settings,Ayarlar
Add story,Hikaye ekle
Dr. Abbie W,Dr. Abbie W
Dr. Boris U,Dr. Boris U
Dr. Kay R,Dr. Kay R
Dr. Tom M,Dr. Tom M
Dr. Nicole N,Dr. Nicole N
Marie P,Marie P
Bruce M,Bruce M
Katty L,Katty L
Emma O,Emma O
Tao G,Tao G
Dr. John Doe,Dr. John Doe
3 days ago,3 gün önce
Follow,Takip et
Personal profiles are the perfect way for you to grab their attention and persuade recruiters to continue reading your CV because you’re telling them from the off exactly why they should hire you.,"Kişisel profiller, dikkatlerini çekmenin ve işe alım uzmanlarını CV'nizi okumaya devam etmeye ikna etmenin mükemmel bir yoludur çünkü neden sizi işe almaları gerektiğini baştan anlatıyorsunuz."
150,150
36,36
12,12
and 30+ more,ve 30+ daha fazlası
Michael Lewis,Michael Lewis
I always felt like I could do anything. That’s the main thing people are controlled by! Thoughts- their perception of themselves!,Her zaman her şeyi yapabileceğimi hissederdim. İnsanların kontrol edildiği ana şey bu! Düşünceler - kendileri hakkındaki algıları!
3 likes,3 beğeni
2 shares,2 paylaşım
Jessica Stones,Jessica Stones
"Society has put up so many boundaries, so many limitations on what’s right and wrong that it’s almost impossible to get a pure thought out. It’s like a little kid, a little boy.","Toplum, doğru ve yanlış olan hakkında o kadar çok sınır ve kısıtlama koydu ki, saf bir düşünceyi ortaya çıkarmak neredeyse imkansız. Küçük bir çocuk gibi, küçük bir erkek."
10 likes,10 beğeni
1 share,1 paylaşım
Patient Care Team,Hasta Bakım Ekibi
Edit Team,Ekibi Düzenle
Add Member,Üye Ekle
See Details,Detayları Gör
Remove Team,Ekibi Kaldır
A group of dedicated professionals ensuring the best care for our patients at Beyond Clinic.,Beyond Clinic'te hastalarımıza en iyi bakımı sağlamak için adanmış bir profesyonel grup.
Industry:,Sektör:
Healthcare Team,Sağlık Ekibi
Rating:,Değerlendirme:
Members:,Üyeler:
Medical Research Team,Tıbbi Araştırma Ekibi
We conduct innovative medical research to advance healthcare services at Beyond Clinic.,Beyond Clinic'te sağlık hizmetlerini geliştirmek için yenilikçi tıbbi araştırmalar yapıyoruz.
Research Team,Araştırma Ekibi
Slack Meet,Slack Toplantısı
11:00 AM,11:00 AM
You have an upcoming meet for Marketing Planning,Pazarlama Planlaması için bir toplantınız var
Meeting ID:,Toplantı Kimliği:
902-128-281,902-128-281
Join,Katıl
Invision,Invision
4:50 PM,4:50 PM
You have an upcoming video call for,Soft Design için bir video görüşmeniz var
Soft Design,saat 5:00 PM.
at 5:00 PM.,111-968-981
111-968-981,Randevu Ekle
Add an Appointment,Yaklaşan randevu yok.
No upcoming appointments.,Geçmiş randevu yok.
No past appointments.,Ekip üyeleri:
Team members:,Aralık 2021
December 2021,bugün
today,Paz
Sun,Pzt
Mon,Sal
Tue,Çar
Wed,Per
Thu,Cum
Fri,Cmt
Sat,28
28,29
29,Tüm gün konferans
All day conference,30
30,Mary ile toplantı
Meeting with Mary,Siber Hafta
Cyber Week,Kış Hackathonu
Winter Hackaton,Dijital etkinlik
Digital event,Pazarlama etkinliği
Marketing event,11
11,14
14,15
15,16
16,17
17,18
18,19
19,Aile ile Akşam Yemeği
Dinner with Family,20
20,21
21,22
22,23
23,Kara Cuma
Black Friday,24
24,25
25,26
26,27
27,31
31,Sonraki etkinlikler
Next events,Sağlık Semineri
Health Seminar,"27 Mart 2024, saat 12:30 PM"
"27 March 2024, at 12:30 PM",Mary ile toplantı
Meeting with Marry,"24 Mart 2024, saat 10:00 AM"
"24 March 2024, at 10:00 AM",Araştırma Tartışması
Research Discussion,"25 Mart 2024, saat 9:30 AM"
"25 March 2024, at 9:30 AM",Hasta Transferi
Patient Transfer,"25 Mart 2024, saat 2:00 PM"
"25 March 2024, at 2:00 PM",Gösterge Tablosu Renk Paletini Doğrula
Verify Dashboard Color Palette,"26 Mart 2024, saat 9:00 AM"
"26 March 2024, at 9:00 AM",Verimlilik
Productivity,Eylem
Action,Başka bir eylem
Another action,Burada başka bir şey
Something else here,Hoş geldiniz!
Welcome!,Bu harika formları kullanarak projenizde ücretsiz olarak giriş yapın veya yeni hesap oluşturun.
Use these awesome forms to login or create new account in your project for free.,Tablolar
Tables,Açık tablo
Light table,Proje
Project,Bütçe
Budget,Durum
Status,Tamamlama
Completion,Argon Tasarım Sistemi
Argon Design System,$2500 USD
$2500 USD,beklemede
pending,Angular Now UI Kit PRO
Angular Now UI Kit PRO,$1800 USD
$1800 USD,tamamlandı
completed,Black Dashboard
Black Dashboard,$3150 USD
$3150 USD,gecikmiş
delayed,React Material Dashboard
React Material Dashboard,$4400 USD
$4400 USD,programda
on schedule,Vue Paper UI Kit PRO
Vue Paper UI Kit PRO,$2200 USD
$2200 USD,(mevcut)
(current),Koyu tablo
Dark table,En Yakın Şoför: Mehmet A.
Nearest Driver: Mehmet A.,Bugünün Yolculukları
Today's Trips,145
145,Km
Km,Günlük Ortalama
Average Daily,300
300,Müsait:
Available:,47
47,dakika
minutes,Mevcut Konum:
Current Location:,"Fatih, DW"
"Fatih, DW","12, Aksaray Cd"
"12, Aksary Cd",Bugünün Yolculuğu
Today's Trip,145 Km
145 Km,Şoför İncelemeleri
Driver Reviews,Ortalama Hız
Average Speed,56 Km/h
56 Km/h,Müzik Sesi
Music Volume,15/100
15/100,10:45
10:45,11:32
11:32,Tahmini varış süresi
Estimated arrival time,2.4
2.4,Konumunuzdan uzaklık
Distance from your location,6.3
6.3,Kliniğe uzaklık
Distance to the clinic,OpenStreetMap
OpenStreetMap,Delalim (feat Aylin Demir)
Delalim (feat Aylin  Demir),Türk Pop - Klasikler
Turkish Pop - Classics,Ses
Volume,&nbsp;Kullanıcı Ekle
&nbsp;Add User,Doktorlar
Doctors,Hemşireler
Nurses,Hastalar
Patients,12°C
12°C,Bulutlu
Cloudy,8:00
8:00,9:30
9:30,11:00
11:00,Benim Referansım
my Referral,Toplam Kazanç
Total Earned,Geçen Ay: $100
Last Month: $100,Bu Ay: $200
This Month: $200,Mesajlar (21)
Messages (21),Kontrol et
Check,Some Kind Of Blues
Some Kind Of Blues,Deftones
Deftones,Kurulum başarıyla tamamlandı! Tebrikler!
The install worked successfully! Congratulations!,"<a href=""https://docs.djangoproject.com/en/%(version)s/releases/"" target=""_blank"" rel=""noopener"">sürüm notlarını</a> görüntüleyin Django %(version)s"
"View <a href=""https://docs.djangoproject.com/en/%(version)s/releases/"" target=""_blank"" rel=""noopener"">release notes</a> for Django %(version)s","Bu sayfayı görüyorsunuz çünkü <a href=""https://docs.djangoproject.com/en/%(version)s/ref/settings/#debug"" target=""_blank"" rel=""noopener"">DEBUG=True</a> ayar dosyanızda etkin ve herhangi bir URL yapılandırmamışsınız."
"You are seeing this page because <a href=""https://docs.djangoproject.com/en/%(version)s/ref/settings/#debug"" target=""_blank"" rel=""noopener"">DEBUG=True</a> is in your settings file and you have not configured any URLs.",Django Dokümantasyonu
Django Documentation,"Konular, referanslar ve nasıl yapılır"
"Topics, references, &amp; how-to’s",Eğitim: Bir Anket Uygulaması
Tutorial: A Polling App,Django ile başlayın
Get started with Django,Django Topluluğu
Django Community,"Bağlanın, yardım alın veya katkıda bulunun"
"Connect, get help, or contribute",