Register with,S'inscrire auprès de
or,ou
I agree the,Je suis d'accord avec le
Terms and Conditions,Conditions générales d'utilisation
Sign up,S'inscrire
Already have an account?,Vous avez déjà un compte ?
Sign in,S'inscrire
Company,Entreprise
About Us,À propos de nous
Team,L'équipe
Products,Produits
Blog,Blog
Pricing,Tarification
Copyright ©,Copyright ©
document.write(new Date().getFullYear()),document.write(new Date().getFullYear())
Soft by Creative Tim.,Soft by Creative Tim.
Sign IN,S'inscrire
Add your credentials,Ajouter vos données d'identification
Sign In,S'inscrire
Remember me,Souvenez-vous de moi
Register,Registre
Get Support,Obtenir de l'aide
Sign UP,S'inscrire
I agree with the,Je suis d'accord avec le
Privacy Policy,Politique de confidentialité
Create account,Créer un compte
Login,Connexion
Patient,Patient
Doctor,Médecin
Date,Date
Duration,La durée
Edit,Editer
Cancel,Annuler
4562&nbsp;&nbsp;&nbsp;1122&nbsp;&nbsp;&nbsp;4594&nbsp;&nbsp;&nbsp;7852,4562&nbsp;&nbsp;&nbsp;1122&nbsp;&nbsp;&nbsp;4594&nbsp;&nbsp;&nbsp;7852
Card Holder,Porte-cartes
Jack Peterson,Jack Peterson
Expires,Expiration
11/22,"$45,618.00"
Payment Method,Mode de paiement
&nbsp;&nbsp;Add New Card,&nbsp;&nbsp;Ajouter une nouvelle carte
****&nbsp;&nbsp;&nbsp;****&nbsp;&nbsp;&nbsp;****&nbsp;&nbsp;&nbsp;7852,****&nbsp;&nbsp;&nbsp;****&nbsp;&nbsp;&nbsp;****&nbsp;&nbsp;&nbsp;7852
****&nbsp;&nbsp;&nbsp;****&nbsp;&nbsp;&nbsp;****&nbsp;&nbsp;&nbsp;5248,****&nbsp;&nbsp;&nbsp;****&nbsp;&nbsp;&nbsp;****&nbsp;&nbsp;&nbsp;5248
Invoices,Factures
View All,Voir tout
"March, 01, 2020",01 mars 2020
#MS-415646,#MS-415646
$180,$180.00
PDF,PDF (EN ANGLAIS)
"February, 10, 2021",10 février 2021
#RV-126749,#RV-126749
$250,$250.00
"April, 05, 2020",05 avril 2020
#FB-212562,#FB-212562
$560,$560.00
"June, 25, 2019",25 juin 2019
#QW-103578,#QW-103578
$120,$120.00
"March, 01, 2019",01 mars 2019
#AR-803481,#AR-803481
$300,$300.00
Billing Information,Informations sur la facturation
John Doe,Jean Dupont
Service:,Service :
Clinic Consultation,Consultation en clinique
Email Address:,Adresse électronique :
john@example.com,john@example.com
Amount:,Montant :
$150,$150.00
Delete,Supprimer
Jane Smith,Jane Smith
Driver Transfer,Transfert de conducteur
jane@example.com,jane@example.com
$80,$80.00
Michael Johnson,Michael Johnson
Hotel Stay,Séjour à l'hôtel
michael@example.com,michael@example.com
$200,$200.00
Emily Clark,Emily Clark
Referral Commission,Commission de recommandation
emily@example.com,emily@example.com
$100,$100.00
Your Transactions,Vos transactions
23 - 30 March 2020,23 - 30 mars 2020
Newest,Le plus récent
Payment to Clinic,Paiement à la clinique
"27 March 2020, at 12:30 PM","27 mars 2020, à 12h30"
"-$1,500","-$1,500.00"
Monthly Referral Commission,Commission mensuelle de parrainage
"27 March 2020, at 04:30 AM","27 mars 2020, à 04:30 AM"
+ $ 200,#ERROR!
Yesterday,Hier
Payment to Driver,Paiement au conducteur
"26 March 2020, at 13:45 PM","26 mars 2020, à 13:45"
-$100,-$100.00
Payment to Hotel,Paiement à l'hôtel
"26 March 2020, at 12:30 PM","26 mars 2020, à 12h30"
-$200,-$200.00
Referral Commission Received,Commission de recommandation reçue
"26 March 2020, at 08:30 AM","26 mars 2020, à 08:30 AM"
+ $ 100,#ERROR!
Pending Payment,Paiement en attente
"26 March 2020, at 05:00 AM","26 mars 2020, à 05:00 AM"
Pending,En attente
&nbsp;Back,&nbsp;Retour
New Message,Nouveau message
Send,Envoyer
New messages,Nouveaux messages
View Messages,Voir les messages
Appointments,Nominations
View Appointments,Voir les rendez-vous
Prescriptions,Prescriptions
View Prescriptions,Voir les ordonnances
$,$
"3,300","$3,300.00"
Your current balance,Votre solde actuel
-$250,-$250.00
Generate Referral Link,Générer un lien de référence
Your Referral Link:,Votre lien de référence :
Referrals : 0,Références : 0
Sales: 0,Ventes : 0
Sales from BeyondClinic's Referral System overview,Ventes de l'aperçu du système d'orientation de BeyondClinic
in 2024,en 2024
Comprehensive Guide to Medical Tourism,Guide complet du tourisme médical
Explore the benefits and considerations for choosing medical tourism for your health needs.,Découvrez les avantages et les éléments à prendre en compte pour choisir le tourisme médical afin de répondre à vos besoins en matière de santé.
Top Clinics in Istanbul,Principales cliniques à Istanbul
Discover the top-rated clinics in Istanbul for various medical treatments and procedures.,Découvrez les cliniques les mieux cotées d'Istanbul pour divers traitements et procédures médicales.
Patient Success Stories,Témoignages de patients
Read inspiring stories from our patients who have achieved successful outcomes through our services.,Lisez les histoires inspirantes de nos patients qui ont obtenu des résultats positifs grâce à nos services.
Previous,Précédent
Next,Suivant
Referral Program,Programme de référence
"Track and find all the details about our referral program, your stats and revenues.","Suivez et trouvez tous les détails de notre programme de parrainage, vos statistiques et vos revenus."
Earnings,Les revenus
"23,980","$23,980.00"
Customers,Clients
"2,400","$2,400.00"
Avg. Value,Moyenne Valeur moyenne
48,$48.00
Refund,Remboursement
4,$4.00
Referral Code,Code de référence
Copy the code bellow to your registered provider.,Copiez le code ci-dessous dans votre fournisseur enregistré.
Generated 23 days ago by,Généré il y a 23 jours par
softuidash23,softuidash23
(Used one time),(Utilisé une fois)
Copy,Copie
You cannot generate codes.,Vous ne pouvez pas générer de codes.
Contact us,Contactez nous
to generate more referrals link.,pour générer plus de liens de référence.
How to use,Comment l'utiliser ?
Integrate your referral code in 3 easy steps.,Intégrez votre code de parrainage en 3 étapes simples.
1. Create &amp; validate your referral link and get,1. Créez &amp ; validez votre lien de parrainage et obtenez
100,$100.00
2. For every order you make you get,"2. Pour chaque commande passée, vous recevez"
10,$10.00
3. Get other friends to generate link and get,3. Inciter d'autres amis à créer un lien et à obtenir
500,$500.00
Other programs,Autres programmes
User #hashtag in a photo on social media and get $10 for each purchase you make.,Utilisez le #hashtag dans une photo sur les médias sociaux et recevez 10 $ pour chaque achat effectué.
Read More,Lire la suite
Check the Billing page !!,Vérifiez la page de facturation !
Top Referred Users,Principaux utilisateurs recommandés
User,Utilisateur
Value,Valeur
Profit,Profit
Refunds,Remboursements
Alice Vinget,Alice Vinget
8.232,$8.23
orders,commandes
$130.99,$130.99
$9.50,$9.50
13,$13.00
John Alura,John Alura
12.821,$12.82
$80.25,$80.25
$4.20,$4.20
40,$40.00
Andrew Sian,Andrew Sian
2.421,$2.42
$40.60,$40.60
$9.43,$9.43
54,$54.00
Luca Willaim,Luca Willaim
5.921,$5.92
$91.30,$91.30
$7.36,$7.36
5,$5.00
Richel Manuel,Richel Manuel
921,$921.00
$140.93,$140.93
$20.53,$20.53
121,$121.00
©,©
", made with",", réalisé avec"
by,par
clinicBeyond,cliniqueBeyond
for a healthier world.,pour un monde plus sain.
License,Licence
Flight Booking,Réservation de vols
From,De
To,Pour
Departure Date,Date de départ
Return Date,Date de retour
Search Flight,Recherche de vols
dude,mec
Your booking confirmation,Votre confirmation de réservation
Your Booking is Confirmed!,Votre réservation est confirmée !
BeyondClinic,BeyondClinic
Flight Reservation Systems&reg;,Systèmes de réservation de vols&reg ;
tel: +90 538 0546393,tél : +90 538 0546393
Date:,Date :
Status:,Statut :
Reference:,Référence :
Item,Objet
Qty,Qté
Currency,Monnaie
Amount,Montant
Base price,Prix de base
1,$1.00
-,-
Fees,Honoraires
3,$3.00
Grand Total,Total général
Thank you!,Merci de votre attention !
If you encounter any issues related to the invoice you can contact us at:,"Si vous rencontrez des problèmes liés à la facture, vous pouvez nous contacter à l'adresse suivante :"
Email:,Courriel :
support@BeyondClinic.com,support@BeyondClinic.com
Print,Imprimer
FLIGHT RESERVATION,RÉSERVATION DE VOL
GET THE BEST OFFERS NOW,OBTENIR LES MEILLEURES OFFRES MAINTENANT
Dashboard,Tableau de bord
Amadeus Flight Booking,Réservation de vols Amadeus
Available Flights,Vols disponibles
Departure,Départ
Flight Number,Numéro de vol
Arrival,Arrivée
Price,Prix
Book,Livre
&#10230,&#10230
Book Flight,Réserver un vol
No flights found for this itinerary,Aucun vol trouvé pour cet itinéraire
&#10594&#10596,&#10594&#10596
Name,Nom
Email,Courriel
Phone Number,Numéro de téléphone
Birth Date,Date de naissance
Password,Mot de passe
Confirm Password,Confirmer le mot de passe
Insurance Information,Informations sur les assurances
Family History,Histoire de la famille
Biological Sex,Sexe biologique
Allergies,Allergies
Medications,Médicaments
Medical Conditions,Conditions médicales
Additional Information,Informations complémentaires
Account Type,Type de compte
Interested in..,Intéressé par ...
Profile Picture,Profil de l'image
Save,Économiser
Upload File,Télécharger le fichier
Upload,Télécharger
Your attention is required,Votre attention est requise
×,×
You should read this!,Vous devriez lire ceci !
"Ok, Got it","Ok, j'ai compris"
&times;,&times ;
Basic Info,Informations de base
Upload Medical Files,Téléchargement de fichiers médicaux
2FA,2FA
Social Accounts,Comptes sociaux
Notifications,Notifications
Sessions,Sessions
Delete Account,Supprimer le compte
Patient @dentaslan - Dental Services,Patient @dentaslan - Services dentaires
Switch to invisible,Passer à l'invisible
Enabled,Activé
Two-factor authentication,Authentification à deux facteurs
Security keys,Clés de sécurité
No Security Keys,Pas de clés de sécurité
Add,Ajouter
SMS number,Numéro de SMS
+4012374423,"$4,012,374,423.00"
Authenticator app,Application Authenticator
Not Configured,Non configuré
Set up,Mise en place
Here you can setup and manage your integration settings.,"Ici, vous pouvez configurer et gérer vos paramètres d'intégration."
Slack,Slack
Show less,Montrer moins
You haven't added your Slack yet or you aren't authorized. Please add our Slack Bot to your account by clicking on,Vous n'avez pas encore ajouté votre Slack ou vous n'êtes pas autorisé. Veuillez ajouter notre Slack Bot à votre compte en cliquant sur
here,ici
". When you've added the bot, send your verification code that you have received.",". Lorsque vous avez ajouté le bot, envoyez le code de vérification que vous avez reçu."
Verification Code,Code de vérification
Connected account,Compte connecté
hello@creative-tim.com,hello@creative-tim.com
Spotify,Spotify
Music,Musique
Atlassian,Atlassian
Payment vendor,Fournisseur de services de paiement
Asana,Asana
Organize your team,Organisez votre équipe
Choose how you receive notifications. These notification settings apply to the things you’re watching.,Choisissez comment vous recevez les notifications. Ces paramètres de notification s'appliquent aux éléments que vous regardez.
Activity,Activité
Push,Pousser
SMS,SMS
Mentions,Mentions
Notify when another user mentions you in a comment,Notifier lorsqu'un autre utilisateur vous mentionne dans un commentaire
Comments,Commentaires
Notify when another user comments your item.,Notifier lorsqu'un autre utilisateur commente votre article.
Follows,Suit
Notify when another user follows you.,Notifier lorsqu'un autre utilisateur vous suit.
Log in from a new device,Se connecter à partir d'un nouvel appareil
This is a list of devices that have logged into your account. Remove those that you do not recognize.,Il s'agit d'une liste d'appareils qui se sont connectés à votre compte. Supprimez ceux que vous ne reconnaissez pas.
Bucharest 68.133.163.201,Bucarest 68.133.163.201
Your current session,Votre session actuelle
Active,Actif
EU,L'UE
See more,Voir plus d'informations
Chrome on macOS,Chrome sur macOS
US,ÉTATS-UNIS
Safari on iPhone,Safari sur iPhone
"Once you delete your account, there is no going back. Please be certain.","Une fois que vous avez supprimé votre compte, vous ne pouvez plus revenir en arrière. Soyez sûr de vous."
Confirm,Confirmer
I want to delete my account.,Je souhaite supprimer mon compte.
Deactivate,Désactiver
Traffic,Trafic
"350,897","$350,897.00"
Since last month,Depuis le mois dernier
New users,Nouveaux utilisateurs
"2,356","$2,356.00"
Since last week,Depuis la semaine dernière
Sales,Vente
924,$924.00
Since yesterday,Depuis hier
Performance,Performance
Icons,Icônes
active-40,actif-40
air-baloon,air-baloon
album-2,album-2
align-center,aligner-center
align-left-2,aligner-gauche-2
ambulance,ambulance
app,application
archive-2,archive-2
atom,atome
badge,badge
bag-17,sac-17
basket,panier
bell-55,cloche-55
bold-down,gras vers le bas
bold-left,gras-gauche
bold-right,gras-droit
bold-up,renforcement
bold,audacieux
book-bookmark,livre-marque-page
books,livres
box-2,encadré 2
briefcase-24,mallette-24
building,bâtiment
bulb-61,ampoule-61
bullet-list-67,liste à puces-67
bus-front-12,bus-front-12
button-pause,bouton-pause
button-play,bouton-play
button-power,bouton-puissance
calendar-grid-58,calendrier-grille-58
camera-compact,appareil photo-compact
caps-small,casquettes-petites
cart,chariot
chart-bar-32,graphique-barre-32
chart-pie-35,graphique-pie-35
chat-round,chat-round
check-bold,gras à carreaux
circle-08,cercle-08
cloud-download-95,téléchargement en nuage-95
cloud-upload-96,téléchargement en nuage (cloud-upload-96)
compass-04,compas-04
controller,contrôleur
credit-card,carte de crédit
curved-next,courbe-prochain
delivery-fast,livraison rapide
diamond,diamant
email-83,email-83
fat-add,ajout de graisse
fat-delete,suppression des graisses
fat-remove,éliminer les graisses
favourite-28,favori-28
folder-17,dossier-17
glasses-2,lunettes-2
hat-3,chapeau-3
headphones,écouteurs
html5,html5
istanbul,istanbul
key-25,clé-25
laptop,ordinateur portable
like-2,comme-2
lock-circle-open,serrure-cercle-ouvert
map-big,carte-grande
mobile-button,bouton mobile
money-coins,argent-monnaie
note-03,note-03
notification-70,notification-70
palette,palette
paper-diploma,diplôme en papier
pin-3,broche-3
planet,planète
ruler-pencil,règle-crayon
satisfied,satisfaits
scissors,ciseaux
send,envoyer
settings-gear-65,réglages-engins-65
settings,paramètres
single-02,unique-02
single-copy-04,exemplaire unique-04
sound-wave,onde sonore
spaceship,vaisseau spatial
square-pin,broche carrée
support-16,soutien-16
tablet-button,bouton de la tablette
tag,étiquette
tie-bow,nœud de cravate
time-alarm,alarme temporelle
trophy,trophée
tv-2,tv-2
umbrella-13,parapluie-13
user-run,exécution par l'utilisateur
vector,vecteur
watch-time,l'heure de la montre
world,monde
zoom-split-in,zoom-split-in
collection,collection
image,image
shop,boutique
ungroup,dégrouper
world-2,monde-2
ui-04,ui-04
Home,Accueil
About,A propos de
Facilities,Installations
Laboratory,Laboratoire
Contact,Contact
&copy; BeyondClinic - Design by Lotfi Kanouni,&copy ; BeyondClinic - Conception par Lotfi Kanouni
Profile,Profil
Sign Up,S'inscrire
Whatsapp,Whatsapp
Pages,Pages
English,Anglais
Arabic,L'arabe
French,Français
Turkish,Turc
New message,Nouveau message
from Laur,de Laur
13 minutes ago,Il y a 13 minutes
New album,Nouvel album
by Travis Scott,par Travis Scott
1 day,1 jour
Payment successfully completed,Paiement effectué avec succès
2 days,2 jours
DASHBOARD,TABLEAU DE BORD
FLIGHT,VOL
VIP TRANSFERS,TRANSFERTS VIP
BILLING,FACTURATION
VIRTUAL REALITY,RÉALITÉ VIRTUELLE
MEDICAL CONSULTANTS,CONSULTANTS MÉDICAUX
HOME,ACCUEIL
SCHEDULE,CALENDRIER
PRESCRIPTIONS,PRESCRIPTIONS
MEDICAL INFORMATION,INFORMATIONS MÉDICALES
MESSAGES,MESSAGES
SYSTEM,SYSTÈME
USERS,UTILISATEURS
PROJECT DEVELOPPEMENT,PROJET DEVELOPPEMENT
PRODUCTS,PRODUITS
Logout,Déconnexion
Default,Défaut
Dashboards,Tableaux de bord
New,Nouveau
Filters,Filtres
Total traffic,Trafic total
Overview,Vue d'ensemble
Sales value,Valeur des ventes
Month,Mois
M,M
Week,Semaine
W,W
Total orders,Total des commandes
Page visits,Visites de pages
See all,Voir tous
Page name,Nom de la page
Visitors,Visiteurs
Unique users,Utilisateurs uniques
Bounce rate,Taux de rebond
/argon/,/argon/
"4,569","$4,569.00"
340,$340.00
/argon/index.html,/argon/index.html
"3,985","$3,985.00"
319,$319.00
/argon/charts.html,/argon/chartes.html
"3,513","$3,513.00"
294,$294.00
/argon/tables.html,/argon/tables.html
"2,050","$2,050.00"
147,$147.00
/argon/profile.html,/argon/profil.html
"1,795","$1,795.00"
190,$190.00
Social traffic,Trafic social
Referral,Renvoi
Facebook,Facebook
"1,480","$1,480.00"
"5,480","$5,480.00"
Google,Google
"4,807","$4,807.00"
Instagram,Instagram
"3,678","$3,678.00"
twitter,twitter
"2,645","$2,645.00"
Argon Configurator,Configurateur Argon
See our dashboard options.,Voir nos options de tableau de bord.
Sidebar Colors,Couleurs de la barre latérale
Sidenav Type,Type de Sidenav
Choose between 2 different sidenav types.,Choisissez entre 2 types de sidenav différents.
White,Blanc
Dark,Sombre
You can change the sidenav type just on desktop view.,Vous pouvez changer le type de sidenav uniquement sur la vue de bureau.
Navbar Fixed,Barre de navigation corrigée
Light / Dark,Clair / foncé
whatsapp,whatsapp
Go to Home Page,Aller à la page d'accueil
"Our patient dashboard is designed to provide easy access to all necessary medical services and information. Patients can manage their appointments, view medical records, and receive updates about their health status all in one place. Our goal is to enhance the patient experience by making healthcare more accessible and efficient.","Notre tableau de bord pour les patients est conçu pour faciliter l'accès à tous les services médicaux et à toutes les informations nécessaires. Les patients peuvent gérer leurs rendez-vous, consulter leurs dossiers médicaux et recevoir des mises à jour sur leur état de santé, le tout en un seul endroit. Notre objectif est d'améliorer l'expérience des patients en rendant les soins de santé plus accessibles et plus efficaces."
Welcome to BeyondClinic! providing comprehensive healthcare solutions.,Bienvenue à BeyondClinic ! qui propose des solutions complètes en matière de soins de santé.
Enter your email and password to sign in,Saisissez votre adresse électronique et votre mot de passe pour vous connecter
Don't have an account?,Vous n'avez pas de compte ?
Sign up!,Inscrivez-vous !
Export,Exportation
Today,Aujourd'hui
Last 7 days,7 derniers jours
Last 30 days,30 derniers jours
Users,Utilisateurs
930,$930.00
New Users,Nouveaux utilisateurs
744,$744.00
"1,414","$1,414.00"
Pages/Session,Pages/Session
1.76,$1.76
Traffic channels,Canaux de circulation
Organic search,Recherche organique
Social media,Médias sociaux
Referrals,Renvois
See all referrals,Voir tous les renvois
Adobe,Adobe
Jira,Jira
Social,Social
Twitter,Twitter
Reddit,Reddit
Youtube,Youtube
System Stats,Statistiques du système
average stay duration,durée moyenne du séjour
Average,Moyenne
Datatable Search,Recherche de données
"A lightweight, extendable, dependency-free javascript HTML table plugin.","Un plugin de table HTML javascript léger, extensible et sans dépendance."
DATE,DATE
LOG,LOG
Office,Bureau
Age,L'âge
Start date,Date de début
Salary,Salaire
gfv vc,gfv vc
Google maps,Google maps
Maps,Cartes
Warning,Avertissement
"This information is potentially sensitive, and ED",Ces informations sont potentiellement sensibles et le DE
&P,&P
Okay,D'accord
uploadForm,uploadForm
Accounts,Comptes
CEO / Co-Founder,Directeur général / Cofondateur
Notification,Notification
Close,Fermer
Previously Uploaded Files,Fichiers précédemment téléchargés
No files have been uploaded yet.,Aucun fichier n'a encore été téléchargé.
Message Modal,Message Modal
New message to @CT,Nouveau message à @CT
Conversation Name:,Nom de la conversation :
Recipient:,Récipiendaire :
Message:,Message :
Send message,Envoyer un message
Send Message,Envoyer un message
No Messages,Pas de messages
No messages.,Aucun message.
Friends,Amis
Charlie Watson,Charlie Watson
Typing...,Dactylographie...
Jane Doe,Jane Doe
1 hour ago,Il y a 1 heure
Computer users and programmers,Utilisateurs d'ordinateurs et programmeurs
Mila Skylar,Mila Skylar
24 min ago,Il y a 24 minutes
You can subscribe to receive weekly...,Vous pouvez vous abonner pour recevoir chaque semaine...
Sofia Scarlett,Sofia Scarlett
7 hours ago,Il y a 7 heures
It’s an effective resource regardless..,"Il s'agit d'une ressource efficace, quelle que soit.."
Tom Klein,Tom Klein
1 day ago,il y a 1 jour
Be sure to check it out if your dev pro...,Ne manquez pas d'y jeter un coup d'œil si votre pro...
Dr. Alex Johnson,Dr. Alex Johnson
last seen today at 1:53am,Dernière visite aujourd'hui à 1h53
Mute conversation,Couper le son de la conversation
Block,Bloc
Clear chat,Effacer le chat
Delete chat,Supprimer le chat
"Hello Dr. Johnson, I've been experiencing severe headaches for the past week. What could be causing this?","Bonjour Dr. Johnson, Je souffre de violents maux de tête depuis une semaine. Quelle pourrait en être la cause ?"
3:14 AM,$0.13
"Hi, it could be due to various reasons like stress, lack of sleep, or even vision problems. Have you been under a lot of stress lately?","Bonjour, cela peut être dû à différentes raisons comme le stress, le manque de sommeil, ou même des problèmes de vue. Avez-vous subi beaucoup de stress ces derniers temps ?"
4:42 PM,$0.70
"Wed, 3:27pm","Mercredi, 15:27"
"Yes, I have been working long hours lately. Could that be the reason?","Oui, j'ai travaillé de longues heures ces derniers temps. Est-ce que cela pourrait être la raison ?"
4:31 PM,$0.69
"It’s possible. Try to take regular breaks and ensure you get enough sleep. If the headaches persist, we might need to run some tests.","C'est possible. Essayez de faire des pauses régulières et de dormir suffisamment. Si les maux de tête persistent, nous devrons peut-être procéder à des examens."
"Thank you, Doctor. I’ll try to manage my stress better and get more sleep. I’ll keep you updated.","Merci, docteur. Je vais essayer de mieux gérer mon stress et de dormir davantage. Je vous tiendrai au courant."
You’re welcome. Take care!,Il n'y a pas de quoi. Prenez soin de vous !
Oups! Error 403,Oups ! Erreur 403
Access denied - Please authenticate,Accès refusé - Veuillez vous authentifier
Oups! Error 404,Oups ! Erreur 404
Page not found -,Page non trouvée -
Oups! Error 500,Oups ! Erreur 500
"Server error, please contact support -","Erreur de serveur, veuillez contacter le support -"
.,.
"St. Independence Embankment, 050105 Bucharest, Romania","Embarcadère de l'Indépendance, 050105 Bucarest, Roumanie"
tel: +4 (074) 1090873,tél : +4 (074) 1090873
Invoice no,Numéro de facture
Invoice date:,Date de la facture :
Due date:,Date d'échéance :
Rate,Taux
Total,Total
email:,courriel :
contact@yourdomain.com,contact@yourdomain.com
Medical Service Details,Détails du service médical
Close (Esc),Fermer (Esc)
Fullscreen,Plein écran
Prev,Prévenir
Comprehensive Health Check-Up,Bilan de santé complet
$999,$999.00
Available,Disponible
Description,Description
Comprehensive medical check-up including all major systems,Examen médical complet portant sur tous les principaux systèmes
Personalized health report with recommendations,Rapport de santé personnalisé avec recommandations
Consultations with top specialists,Consultations avec les meilleurs spécialistes
Comfortable and private examination rooms,Salles d'examen confortables et privées
Consultation Type,Type de consultation
In-Person,En personne
Online,En ligne
Preferred Specialist,Spécialiste préféré
General Practitioner,Médecin généraliste
Cardiologist,Cardiologue
Dermatologist,Dermatologue
Neurologist,Neurologue
Quantity,Quantité
2,$2.00
6,$6.00
7,$7.00
8,$8.00
9,$9.00
Book Now,Réserver
Other Services,Autres services
Service,Service
Review,Révision
Availability,Disponibilité
Id,Id
Cardiac Screening,Dépistage cardiaque
$499,$499.00
230019,"$230,019.00"
Dermatology Consultation,Consultation dermatologique
$199,$199.00
87120,"$87,120.00"
Neurology Examination,Examen de neurologie
$399,$399.00
412301,"$412,301.00"
Orthopedic Consultation,Consultation orthopédique
$299,$299.00
1992,"$1,992.00"
First Name,Prénom
Last Name,Nom de famille
Confirmation Email,Courriel de confirmation
I'm,Je suis
&nbsp;,&nbsp ;
Policy Number,Numéro de police
Réalisations du Projet et Prochaines Étapes,Réalisations du Projet et Prochaines Étapes
Démarrage du projet,Démarrage du projet
1 Jan 2024,1er janvier 2024
Réunion de lancement et planification initiale.,Réunion de lancement et planification initiale.
Planification,Planification
Voir,Voir
Développement du backend,Développement du backend
15 Jan 2024,15 janvier 2024
Développement d'un backend robuste avec Django.,Développement d'un backend robuste avec Django.
Développement,Développement
Authentification et autorisation des utilisateurs,Authentification et autorisation des utilisateurs
1 FÉV 2024,1 FÉV 2024
Mise en place d'un système de connexion et d'inscription sécurisée des utilisateurs.,Mise en place d'un système de connexion et d'inscription sécurisée des utilisateurs.
Authentification,Authentification
Système de réservation de vols,Système de réservation de vols
15 Mar 2024,15 mars 2024
Intégration du système de réservation de vols avec l'API Amadeus.,Intégration du système de réservation de vols avec l'API Amadeus.
Intégration,Intégration
Intégration de la carte interactive,Intégration de la carte interactive
1 AVR 2024,1 AVR 2024
Ajout de l'API Google Maps pour afficher les hôtels à proximité et les emplacements des cliniques.,Ajout de l'API Google Maps pour afficher les hôtels à proximité et les emplacements des cliniques.
Système de gestion des documents,Système de gestion des documents
1 MAI 2024,1 MAI 2024
Stockage et gestion sécurisés des documents médicaux des patients.,Stockage et gestion sécurisés des documents médicaux des patients.
Gestion,Gestion
Intégration du chatbot,Intégration du chatbot
1 JUIN 2024,1 JUIN 2024
Intégration d'un chatbot pour l'assistance en temps réel et les notifications.,Intégration d'un chatbot pour l'assistance en temps réel et les notifications.
Chatbot,Chatbot
Tableau de bord administrateur,Tableau de bord administrateur
1 JUIL 2024,1ER JUIL 2024
Développement d'un tableau de bord administrateur pour gérer les rendez-vous et les transferts.,Développement d'un tableau de bord administrateur pour gérer les rendez-vous et les transferts.
Admin,Administrateur
Système de recommandation,Système de recommandation
20 JUIL 2024,20 JUIL 2024
Mise en place d'un système de parrainage pour les utilisateurs.,Mise en place d'un système de parrainage pour les utilisateurs.
Recommandation,Recommandation
Interface chauffeur,Interface chauffeur
À venir,À venir
Développement d'une interface chauffeur pour l'affectation et le suivi en direct.,Développement d'une interface chauffeur pour l'affectation et le suivi en direct.
Améliorations de la sécurité des données,Améliorations de la sécurité des données
Mise en œuvre d'un chiffrement avancé et d'un contrôle d'accès basé sur les rôles.,Mise en œuvre d'un chiffrement avancé et d'un contrôle d'accès basé sur les rôles.
Sécurité,Sécurité
Rapports et analyses,Rapports et analyses
Développement de rapports et d'analyses pour les indicateurs de performance et la collecte de feedbacks.,Développement de rapports et d'analyses pour les indicateurs de performance et la collecte de feedbacks.
Analyses,Analyses
Prochaines étapes,Prochaines étapes
ce mois-ci,ce mois-ci
Établir l'équipe de vente,Établir l'équipe de vente
1 AOÛT 2024,1 AOÛT 2024
Mise en place d'une équipe dédiée aux ventes pour promouvoir la plateforme.,Mise en place d'une équipe dédiée aux ventes pour promouvoir la plateforme.
Ventes,Ventes
Formation sur l'interface,Formation sur l'interface
15 AOÛT 2024,15 AOÛT 2024
Formation des utilisateurs sur l'utilisation de l'interface de la plateforme.,Formation des utilisateurs sur l'utilisation de l'interface de la plateforme.
Formation,Formation
Extension des fonctionnalités,Extension des fonctionnalités
1 SEPT 2024,1ER SEPTEMBRE 2024
Ajout de nouvelles fonctionnalités et améliorations de la plateforme.,Ajout de nouvelles fonctionnalités et améliorations de la plateforme.
Analyse des performances,Analyse des performances
15 SEPT 2024,15 SEPT 2024
Suivi et analyse des performances de la plateforme.,Suivi et analyse des performances de la plateforme.
Analyse,Analyser
Expansion internationale,Expansion internationale
1 Oct 2024,1er octobre 2024
Lancement de la plateforme sur de nouveaux marchés internationaux.,Lancement de la plateforme sur de nouveaux marchés internationaux.
Expansion,Expansion
Partenariats stratégiques,Partenariats stratégiques
15 Oct 2024,15 octobre 2024
Établissement de partenariats stratégiques pour renforcer l'offre de services.,Établissement de partenariats stratégiques pour renforcer l'offre de services.
Partenariats,Partenariats
Tâches,Tâches
480,$480.00
Projets,Projets
115,$115.00
Terminés,Terminés
En cours,En cours
Argon Dashboard 2 by Creative Tim,Argon Dashboard 2 par Creative Tim
Argon Dashboard 2,Tableau de bord Argon 2
لوحة القيادة,لوحة القيادة
الجداول,الجداول
الفواتير,الفواتير
الواقع الافتراضي,الواقع الافتراضي
RTL,RTL
صفحات المرافق,صفحات المرافق
حساب تعريفي,حساب تعريفي
تسجيل الدخول,تسجيل الدخول
اشتراك,اشتراك
تحتاج مساعدة?,تحتاج مساعدة ?
يرجى التحقق من مستنداتنا,يرجى التحقق من مستنداتنا
توثيق,توثيق
التطور للاحترافية,التطور للاحترافية
لوحات القيادة,لوحات القيادة
يسجل دخول,يسجل دخول
أموال اليوم,أموال اليوم
"$53,000","$53,000.00"
مستخدمو اليوم,مستخدمو اليوم
"2,300","$2,300.00"
عملاء جدد,عملاء جدد
"+3,462",#ERROR!
مبيعات,مبيعات
"$103,430","$103,430.00"
بناها المطورون,بناها المطورون
Soft UI Dashboard,Tableau de bord Soft UI
من الألوان والبطاقات والطباعة إلى العناصر المعقدة ، ستجد الوثائق الكاملة.,من الألوان والبطاقات والطباعة إلى العناصر المعقدة ، ستجد الوثائق الكاملة.
اقرأ المستندات,اقرأ المستندات
العمل مع الصواريخ,العمل مع الصواريخ
تكوين الثروة هو لعبة تطوري حديثة ذات حصيلة إيجابية. الأمر كله يتعلق بمن يغتنم الفرصة أولاً هذه بطاقة بسيطة.,تكوين الثروة هو لعبة تطوري حديثة ذات حصيلة إيجابية. الأمر كله يتعلق بمن يغتنم الفرصة أولاً هذه بطاقة بسيطة.
المستخدمين النشطين,المستخدمين النشطين
(,(
) من الأسبوع الماضي,) من الأسبوع الماضي
document,document
المستخدمون,المستخدمون
36K,36K
نقرات,نقرات
2m,2m
435$,$435.00
العناصر,العناصر
43,$43.00
نظرة عامة على المبيعات,نظرة على المبيعات
في عام 2021,في عام 2021
المشاريع,المشاريع
30 انتهى,30 انتهى
هذا الشهر,هذا الشهر
عمل,عمل
عمل آخر,عمل آخر
شيء آخر هنا,شيء آخر هنا
المشروع,المشروع
أعضاء,أعضاء
ميزانية,ميزانية
إكمال,إكمال
Soft UI XD الإصدار,Soft UI XD الإصدار
"$14,000","$14,000.00"
أضف مسار التقدم إلى التطبيق الداخلي,أضف مسار التقدم إلى التطبيق الداخلي
"$3,000","$3,000.00"
إصلاح أخطاء النظام الأساسي,إصلاح أخطاء النظام الأساسي
غير مضبوط,غير مضبوط
إطلاق تطبيق الهاتف المحمول الخاص بنا,إطلاق تطبيق الهاتف المحمول الخاص بنا
"$20,500","$20,500.00"
أضف صفحة التسعير الجديدة,أضف صفحة التسعير الجديدة
$500,$500.00
إعادة تصميم متجر جديد على الإنترنت,إعادة تصميم متجر جديد على الإنترنت
"$2,000","$2,000.00"
نظرة عامة على الطلبات,نظرة على الطلبات
"$2400, تغييرات في التصميم","2400 $, تغييرات في التصميم"
22 Dec 7:20 PM,22 déc 7:20 PM
طلب جديد #1832412,طلب جديد #1832412
21 Dec 11:00 PM,21 déc 11:00 PM
مدفوعات الخادم لشهر أبريل,مدفوعات الخادم لشهر أبريل
21 Dec 9:34 PM,21 déc 9:34 PM
تمت إضافة بطاقة جديدة للطلب #4395133,تمت إضافة بطاقة جديدة للطلب #4395133
20 Dec 2:20 AM,20 déc 2:20 AM
فتح الحزم من أجل التطوير,فتح الحزم من أجل التطوير
18 Dec 4:54 AM,18 déc 4:54 AM
طلب جديد #9583120,طلب جديد #9583120
17 Dec,17 décembre
Creative Tim,Tim le créatif
for a better web.,pour un meilleur web.
Free Download,Téléchargement gratuit
View documentation,Voir la documentation
Star,Étoile
Thank you for sharing!,Merci de nous avoir fait partager votre expérience !
Tweet,Tweet
Share,Partager
Chief Medical Officer,Médecin-chef
App,Application
Messages,Messages
Settings,Paramètres
Add story,Ajouter un article
Dr. Abbie W,Dr. Abbie W
Dr. Boris U,Dr. Boris U
Dr. Kay R,Kay R
Dr. Tom M,Dr. Tom M
Dr. Nicole N,Dr. Nicole N
Marie P,Marie P
Bruce M,Bruce M
Katty L,Katty L
Emma O,Emma O
Tao G,Tao G
Dr. John Doe,Dr. John Doe
3 days ago,il y a 3 jours
Follow,Suivre
Personal profiles are the perfect way for you to grab their attention and persuade recruiters to continue reading your CV because you’re telling them from the off exactly why they should hire you.,"Les profils personnels sont le moyen idéal d'attirer l'attention des recruteurs et de les persuader de continuer à lire votre CV, car vous leur dites d'emblée pourquoi ils devraient vous embaucher."
150,$150.00
36,$36.00
12,$12.00
and 30+ more,et plus de 30
Michael Lewis,Michael Lewis
I always felt like I could do anything. That’s the main thing people are controlled by! Thoughts- their perception of themselves!,J'ai toujours eu l'impression de pouvoir faire n'importe quoi. C'est la principale chose qui contrôle les gens ! Les pensées - la perception qu'ils ont d'eux-mêmes !
3 likes,3 goûts
2 shares,2 actions
Jessica Stones,Jessica Stones
"Society has put up so many boundaries, so many limitations on what’s right and wrong that it’s almost impossible to get a pure thought out. It’s like a little kid, a little boy.","La société a mis en place tant de limites, tant de restrictions sur ce qui est bien ou mal qu'il est presque impossible d'exprimer une pensée pure. C'est comme un petit enfant, un petit garçon."
10 likes,10 likes
1 share,1 action
Patient Care Team,Équipe de soins aux patients
Edit Team,Équipe de rédaction
Add Member,Ajouter un membre
See Details,Voir les détails
Remove Team,Supprimer l'équipe
A group of dedicated professionals ensuring the best care for our patients at Beyond Clinic.,Un groupe de professionnels dévoués qui assurent les meilleurs soins à nos patients à Beyond Clinic.
Industry:,L'industrie :
Healthcare Team,Équipe de soins de santé
Rating:,Evaluation :
Members:,Les membres :
Medical Research Team,Équipe de recherche médicale
We conduct innovative medical research to advance healthcare services at Beyond Clinic.,Nous menons des recherches médicales innovantes afin de faire progresser les services de santé de Beyond Clinic.
Research Team,Équipe de recherche
Slack Meet,Rencontre Slack
11:00 AM,$0.46
You have an upcoming meet for Marketing Planning,Vous avez une réunion à venir pour Marketing Planning
Meeting ID:,ID de la réunion :
902-128-281,902-128-281
Join,Rejoindre
Invision,Invision
4:50 PM,$0.70
You have an upcoming video call for,Vous avez un appel vidéo à venir pour
Soft Design,Conception souple
at 5:00 PM.,à 17 heures.
111-968-981,111-968-981
Add an Appointment,Ajouter un rendez-vous
No upcoming appointments.,Pas de rendez-vous à venir.
No past appointments.,Pas de rendez-vous antérieurs.
Team members:,Membres de l'équipe :
December 2021,Décembre 2021
today,aujourd'hui
Sun,Soleil
Mon,Mon
Tue,Mar
Wed,Mercredi
Thu,Jeu
Fri,Vendredi
Sat,Samedi
28,$28.00
29,$29.00
All day conference,Conférence d'une journée
30,$30.00
Meeting with Mary,Rencontre avec Marie
Cyber Week,Semaine du cyberespace
Winter Hackaton,Hackaton d'hiver
Digital event,Événement numérique
Marketing event,Événement marketing
11,$11.00
14,$14.00
15,$15.00
16,$16.00
17,$17.00
18,$18.00
19,$19.00
Dinner with Family,Dîner en famille
20,$20.00
21,$21.00
22,$22.00
23,$23.00
Black Friday,Vendredi noir
24,$24.00
25,$25.00
26,$26.00
27,$27.00
31,$31.00
Next events,Prochains événements
Health Seminar,Séminaire sur la santé
"27 March 2024, at 12:30 PM","27 mars 2024, à 12h30"
Meeting with Marry,Rencontre avec Marry
"24 March 2024, at 10:00 AM","24 mars 2024, à 10h00"
Research Discussion,Discussion sur la recherche
"25 March 2024, at 9:30 AM","25 mars 2024, à 9h30"
Patient Transfer,Transfert de patients
"25 March 2024, at 2:00 PM","25 mars 2024, à 14h00"
Verify Dashboard Color Palette,Vérifier la palette de couleurs du tableau de bord
"26 March 2024, at 9:00 AM","26 mars 2024, à 9h00"
Productivity,Productivité
Action,Action
Another action,Une autre action
Something else here,Autre chose ici
Welcome!,Bienvenue !
Use these awesome forms to login or create new account in your project for free.,Utilisez ces formulaires impressionnants pour vous connecter ou créer un nouveau compte dans votre projet gratuitement.
Tables,Tableaux
Light table,Table lumineuse
Project,Projet
Budget,Budget
Status,Statut
Completion,Achèvement
Argon Design System,Système de conception Argon
$2500 USD,2500 USD
pending,en attente
Angular Now UI Kit PRO,Angular Now UI Kit PRO
$1800 USD,1800 USD
completed,achevé
Black Dashboard,Tableau de bord noir
$3150 USD,3150 USD
delayed,retardé
React Material Dashboard,Tableau de bord React Material
$4400 USD,4400 USD
on schedule,dans les délais
Vue Paper UI Kit PRO,Vue Paper UI Kit PRO
$2200 USD,2200 USD
(current),(actuel)
Dark table,Table sombre
Nearest Driver: Mehmet A.,Chauffeur le plus proche : Mehmet A.
Today's Trips,Voyages d'aujourd'hui
145,$145.00
Km,Km
Average Daily,Moyenne journalière
300,$300.00
Available:,Disponible :
47,$47.00
minutes,minutes
Current Location:,Localisation actuelle :
"Fatih, DW","Fatih, DW"
"12, Aksary Cd","12, Aksary Cd"
Today's Trip,Voyage d'aujourd'hui
145 Km,145 Km
Driver Reviews,Commentaires des conducteurs
Average Speed,Vitesse moyenne
56 Km/h,56 Km/h
Music Volume,Volume de la musique
15/100,15/100
10:45,$0.45
11:32,$0.48
Estimated arrival time,Heure d'arrivée estimée
2.4,$2.40
Distance from your location,Distance par rapport à votre lieu de résidence
6.3,$6.30
Distance to the clinic,Distance par rapport à la clinique
OpenStreetMap,OpenStreetMap
Delalim (feat Aylin  Demir),Delalim (feat Aylin Demir)
Turkish Pop - Classics,Pop turque - Classiques
Volume,Volume
&nbsp;Add User,&nbsp;Ajouter un utilisateur
Doctors,Médecins
Nurses,Infirmières
Patients,Les patients
12°C,12°C
Cloudy,Nuageux
8:00,$0.33
9:30,$0.40
11:00,$0.46
my Referral,ma référence
Total Earned,Total gagné
Last Month: $100,Le mois dernier : $100
This Month: $200,Ce mois-ci : $200
Messages (21),Messages (21)
Check,Vérifier
Some Kind Of Blues,Some Kind Of Blues
Deftones,Deftones
The install worked successfully! Congratulations!,L'installation s'est déroulée avec succès ! Félicitations !
"View <a href=""https://docs.djangoproject.com/en/%(version)s/releases/"" target=""_blank"" rel=""noopener"">release notes</a> for Django %(version)s","Voir <a href=""https://docs.djangoproject.com/en/%(version)s/releases/"" target=""_blank"" rel=""noopener"">release notes</a> pour Django %(version)s"
"You are seeing this page because <a href=""https://docs.djangoproject.com/en/%(version)s/ref/settings/#debug"" target=""_blank"" rel=""noopener"">DEBUG=True</a> is in your settings file and you have not configured any URLs.","Vous voyez cette page parce que <a href=""https://docs.djangoproject.com/en/%(version)s/ref/settings/#debug"" target=""_blank"" rel=""noopener"">DEBUG=True</a> se trouve dans votre fichier de paramètres et que vous n'avez pas configuré d'URL."
Django Documentation,Documentation Django
"Topics, references, &amp; how-to’s","Sujets, références, &amp ; comment faire"
Tutorial: A Polling App,Tutoriel : Une application de sondage
Get started with Django,Démarrer avec Django
Django Community,Communauté Django
"Connect, get help, or contribute","Se connecter, obtenir de l'aide ou contribuer"